Product,Affiliate URL,Commission,Category
"PrimeBiome - Gut & Skin Health","https://www.digistore24-app.com/redir/480924/resulpaypald725","60-75%","gut-health"
"Nitric Boost Ultra - Men Health","https://www.digistore24-app.com/redir/475972/resulpaypald725","60-75%","men-health"
"Pineal XT - Mental Clarity","https://www.digistore24-app.com/redir/480924/resulpaypald725","60-75%","brain-health"
"Provadent - Dental Health","https://www.digistore24-app.com/redir/475972/resulpaypald725","60-75%","dental-health"
"Insomniac - Sleep Therapy","https://www.digistore24-app.com/redir/478372/resulpaypald725","60-75%","sleep-health"
"Advanced Vision Formula","https://www.digistore24-app.com/redir/480924/resulpaypald725","60-75%","eye-health"
"Lion Care Wellness Device","https://www.digistore24-app.com/redir/480924/resulpaypald725","60-75%","general-health"
"Pep Tonic Superfood Drink","https://www.digistore24-app.com/redir/475972/resulpaypald725","60-75%","general-health"
"Gluco Freedom Blood Sugar","https://www.digistore24-app.com/redir/475972/resulpaypald725","60-75%","blood-sugar"
"Neuro Rise Brain Health","https://www.digistore24-app.com/redir/480924/resulpaypald725","60-75%","general-health"
"Joint Ease Joint Relief","https://www.digistore24-app.com/redir/475972/resulpaypald725","60-75%","joint-health"
"Derma Clear Skin Solution","https://www.digistore24-app.com/redir/480924/resulpaypald725","60-75%","general-health"
"Hair Growth Formula","https://www.digistore24-app.com/redir/475972/resulpaypald725","60-75%","general-health"
"Gut Health Protocol","https://www.digistore24-app.com/redir/480924/resulpaypald725","60-75%","general-health"
"Liver Detox Cleanse","https://www.digistore24-app.com/redir/475972/resulpaypald725","60-75%","detox"
"Immune Boost System","https://www.digistore24-app.com/redir/480924/resulpaypald725","60-75%","general-health"
"Probiotic 40 Billion","https://www.digistore24-app.com/redir/475972/resulpaypald725","60-75%","gut-health"
"Omega 3 Fish Oil Premium","https://www.digistore24-app.com/redir/480924/resulpaypald725","60-75%","general-health"
"Collagen Peptides Powder","https://www.digistore24-app.com/redir/475972/resulpaypald725","60-75%","beauty"
"Vitamin D3 K2 Drops","https://www.digistore24-app.com/redir/480924/resulpaypald725","60-75%","general-health"
"Magnesium Glycinate","https://www.digistore24-app.com/redir/475972/resulpaypald725","60-75%","minerals"
"Ashwagandha Stress Relief","https://www.digistore24-app.com/redir/480924/resulpaypald725","60-75%","stress-relief"
"Turmeric Curcumin Complex","https://www.digistore24-app.com/redir/475972/resulpaypald725","60-75%","general-health"
"Green Superfood Powder","https://www.digistore24-app.com/redir/480924/resulpaypald725","60-75%","general-health"
"MCT Oil Premium","https://www.digistore24-app.com/redir/475972/resulpaypald725","60-75%","general-health"
"Apple Cider Vinegar Gummies","https://www.digistore24-app.com/redir/480924/resulpaypald725","60-75%","general-health"
"Sleep Gummies Melatonin","https://www.digistore24-app.com/redir/475972/resulpaypald725","60-75%","sleep-health"
"Weight Loss Drops","https://www.digistore24-app.com/redir/480924/resulpaypald725","60-75%","weight-loss"
"Keto Boost Pills","https://www.digistore24-app.com/redir/475972/resulpaypald725","60-75%","weight-loss"
"Energy Boosting Formula","https://www.digistore24-app.com/redir/480924/resulpaypald725","60-75%","energy"
"Anti Aging Cream Premium","https://www.digistore24-app.com/redir/480924/resulpaypald725","60-75%","general-health"
"Eye Serum Dark Circles","https://www.digistore24-app.com/redir/475972/resulpaypald725","60-75%","general-health"
"Face Moisturizer SPF 50","https://www.digistore24-app.com/redir/480924/resulpaypald725","60-75%","general-health"
"Lip Plumper Gloss","https://www.digistore24-app.com/redir/475972/resulpaypald725","60-75%","general-health"
"Hair Oil Growth","https://www.digistore24-app.com/redir/480924/resulpaypald725","60-75%","general-health"
"Nail Strengthener","https://www.digistore24-app.com/redir/475972/resulpaypald725","60-75%","general-health"
"Cellulite Cream","https://www.digistore24-app.com/redir/480924/resulpaypald725","60-75%","general-health"
"Stretch Mark Remover","https://www.digistore24-app.com/redir/475972/resulpaypald725","60-75%","general-health"
"Makeup Setting Spray","https://www.digistore24-app.com/redir/480924/resulpaypald725","60-75%","general-health"
"Eyelash Growth Serum","https://www.digistore24-app.com/redir/475972/resulpaypald725","60-75%","general-health"
"Brow Gel Volumizing","https://www.digistore24-app.com/redir/480924/resulpaypald725","60-75%","general-health"
"Face Mask Sheet Set","https://www.digistore24-app.com/redir/475972/resulpaypald725","60-75%","general-health"
"Vitamin C Brightening Serum","https://www.digistore24-app.com/redir/480924/resulpaypald725","60-75%","general-health"
"Hyaluronic Acid Drops","https://www.digistore24-app.com/redir/475972/resulpaypald725","60-75%","general-health"
"Retinol Night Cream","https://www.digistore24-app.com/redir/480924/resulpaypald725","60-75%","general-health"
"No Grid Survival Projects","https://www.digistore24-app.com/redir/455330/resulpaypald725","60-75%","general-health"
"Ultimate Energizer Guide","https://www.digistore24-app.com/redir/455330/resulpaypald725","60-75%","general-health"
"Pocket Farm Food Stockpile","https://www.digistore24-app.com/redir/455330/resulpaypald725","60-75%","general-health"
"Home Doctor Survival Remedies","https://www.digistore24-app.com/redir/455330/resulpaypald725","60-75%","general-health"
"Water Filtration System","https://www.digistore24-app.com/redir/455330/resulpaypald725","60-75%","general-health"
"Solar Power Generator Guide","https://www.digistore24-app.com/redir/455330/resulpaypald725","60-75%","general-health"
"Emergency Food Supply Kit","https://www.digistore24-app.com/redir/455330/resulpaypald725","60-75%","general-health"
"First Aid Survival Kit","https://www.digistore24-app.com/redir/455330/resulpaypald725","60-75%","general-health"
"Off Grid Living Course","https://www.digistore24-app.com/redir/455330/resulpaypald725","60-75%","general-health"
"Bug Out Bag Essentials","https://www.digistore24-app.com/redir/455330/resulpaypald725","60-75%","general-health"
"Unlock the Scrambler","https://www.digistore24-app.com/redir/478372/resulpaypald725","60-75%","general-health"
"Text Chemistry Dating Guide","https://www.digistore24-app.com/redir/478372/resulpaypald725","60-75%","general-health"
"The Attraction Code","https://www.digistore24-app.com/redir/478372/resulpaypald725","60-75%","general-health"
"Relationship Savior","https://www.digistore24-app.com/redir/478372/resulpaypald725","60-75%","general-health"
"Ex Factor Guide","https://www.digistore24-app.com/redir/478372/resulpaypald725","60-75%","general-health"
"Commitment Connection","https://www.digistore24-app.com/redir/478372/resulpaypald725","60-75%","general-health"
"Pure Seduction Secrets","https://www.digistore24-app.com/redir/478372/resulpaypald725","60-75%","general-health"
"Date Like a Pro","https://www.digistore24-app.com/redir/478372/resulpaypald725","60-75%","general-health"
"Marriage Fitness Guide","https://www.digistore24-app.com/redir/478372/resulpaypald725","60-75%","general-health"
"Flirtology 101","https://www.digistore24-app.com/redir/478372/resulpaypald725","60-75%","general-health"
"YouTube Success Course","https://www.digistore24-app.com/redir/479125/resulpaypald725","60-75%","general-health"
"Crypto Trading Mastery","https://www.digistore24-app.com/redir/479125/resulpaypald725","60-75%","general-health"
"Stock Market Investing","https://www.digistore24-app.com/redir/479125/resulpaypald725","60-75%","general-health"
"eCommerce Dropshipping","https://www.digistore24-app.com/redir/479125/resulpaypald725","60-75%","general-health"
"AI Business Course","https://www.digistore24-app.com/redir/479125/resulpaypald725","60-75%","general-health"
"Copywriting Masterclass","https://www.digistore24-app.com/redir/479125/resulpaypald725","60-75%","general-health"
"Social Media Marketing","https://www.digistore24-app.com/redir/479125/resulpaypald725","60-75%","general-health"
"Freelancing Blueprint","https://www.digistore24-app.com/redir/479125/resulpaypald725","60-75%","general-health"
"Passive Income System","https://www.digistore24-app.com/redir/479125/resulpaypald725","60-75%","general-health"
"Real Estate Investing","https://www.digistore24-app.com/redir/479125/resulpaypald725","60-75%","general-health"
"100 Easy Keto Carbs","https://www.digistore24-app.com/redir/478372/resulpaypald725","60-75%","general-health"
"Power Foods Encyclopedia","https://www.digistore24-app.com/redir/480924/resulpaypald725","60-75%","general-health"
"Home Workout Program","https://www.digistore24-app.com/redir/478372/resulpaypald725","60-75%","general-health"
"Yoga for Beginners","https://www.digistore24-app.com/redir/478372/resulpaypald725","60-75%","general-health"
"Weight Loss Meal Plan","https://www.digistore24-app.com/redir/478372/resulpaypald725","60-75%","general-health"
"Muscle Building Guide","https://www.digistore24-app.com/redir/478372/resulpaypald725","60-75%","general-health"
"Running for Beginners","https://www.digistore24-app.com/redir/478372/resulpaypald725","60-75%","general-health"
"HIIT Training Program","https://www.digistore24-app.com/redir/478372/resulpaypald725","60-75%","general-health"
"Pilates Core Strength","https://www.digistore24-app.com/redir/478372/resulpaypald725","60-75%","general-health"
"Meditation Stress Relief","https://www.digistore24-app.com/redir/478372/resulpaypald725","60-75%","general-health"
"Web Development Bootcamp","https://www.digistore24-app.com/redir/479125/resulpaypald725","60-75%","general-health"
"Python Programming Mastery","https://www.digistore24-app.com/redir/479125/resulpaypald725","60-75%","general-health"
"Data Science Fundamentals","https://www.digistore24-app.com/redir/479125/resulpaypald725","60-75%","general-health"
"Graphic Design Course","https://www.digistore24-app.com/redir/479125/resulpaypald725","60-75%","general-health"
"Video Editing Pro","https://www.digistore24-app.com/redir/479125/resulpaypald725","60-75%","general-health"
"Photography Masterclass","https://www.digistore24-app.com/redir/479125/resulpaypald725","60-75%","general-health"
"Digital Marketing Complete","https://www.digistore24-app.com/redir/479125/resulpaypald725","60-75%","general-health"
"SEO Expert Training","https://www.digistore24-app.com/redir/479125/resulpaypald725","60-75%","general-health"
"English Language Course","https://www.digistore24-app.com/redir/479125/resulpaypald725","60-75%","general-health"
"Public Speaking Mastery","https://www.digistore24-app.com/redir/479125/resulpaypald725","60-75%","general-health"
"SEO Optimizer Pro","https://www.digistore24-app.com/redir/479125/resulpaypald725","60-75%","general-health"
"Video Creator Suite","https://www.digistore24-app.com/redir/479125/resulpaypald725","60-75%","general-health"
"Email Marketing Platform","https://www.digistore24-app.com/redir/479125/resulpaypald725","60-75%","general-health"
"Stock Photo Library","https://www.digistore24-app.com/redir/479125/resulpaypald725","60-75%","general-health"
"Website Builder","https://www.digistore24-app.com/redir/479125/resulpaypald725","60-75%","general-health"
"AI Writing Assistant","https://www.digistore24-app.com/redir/479125/resulpaypald725","60-75%","general-health"
"Social Media Scheduler","https://www.digistore24-app.com/redir/479125/resulpaypald725","60-75%","general-health"
"Analytics Dashboard","https://www.digistore24-app.com/redir/479125/resulpaypald725","60-75%","general-health"
"CRM for Small Business","https://www.digistore24-app.com/redir/479125/resulpaypald725","60-75%","general-health"
"Password Manager Pro","https://www.digistore24-app.com/redir/479125/resulpaypald725","60-75%","general-health"
